"Program","Year","Period","Week Ending","Geo Level","State","State ANSI","Ag District","Ag District Code","County","County ANSI","Zip Code","Region","watershed_code","Watershed","Commodity","Data Item","Domain","Domain Category","Value","CV (%)"
"SURVEY","2022","YEAR","","STATE","ALABAMA","01","","","","","","","00000000","","FIELD CROP TOTALS","FIELD CROP TOTALS, PRINCIPAL, INCL POTATOES - ACRES PLANTED","TOTAL","NOT SPECIFIED","2,120,000",""
"SURVEY","2022","YEAR","","STATE","ALASKA","02","","","","","","","00000000","","FIELD CROP TOTALS","FIELD CROP TOTALS, PRINCIPAL, INCL POTATOES - ACRES PLANTED","TOTAL","NOT SPECIFIED","26,000",""
"SURVEY","2022","YEAR","","STATE","ARIZONA","04","","","","","","","00000000","","FIELD CROP TOTALS","FIELD CROP TOTALS, PRINCIPAL, INCL POTATOES - ACRES PLANTED","TOTAL","NOT SPECIFIED","629,000",""
"SURVEY","2022","YEAR","","STATE","ARKANSAS","05","","","","","","","00000000","","FIELD CROP TOTALS","FIELD CROP TOTALS, PRINCIPAL, INCL POTATOES - ACRES PLANTED","TOTAL","NOT SPECIFIED","6,990,000",""
"SURVEY","2022","YEAR","","STATE","CALIFORNIA","06","","","","","","","00000000","","FIELD CROP TOTALS","FIELD CROP TOTALS, PRINCIPAL, INCL POTATOES - ACRES PLANTED","TOTAL","NOT SPECIFIED","2,230,000",""
"SURVEY","2022","YEAR","","STATE","COLORADO","08","","","","","","","00000000","","FIELD CROP TOTALS","FIELD CROP TOTALS, PRINCIPAL, INCL POTATOES - ACRES PLANTED","TOTAL","NOT SPECIFIED","5,651,000",""
"SURVEY","2022","YEAR","","STATE","CONNECTICUT","09","","","","","","","00000000","","FIELD CROP TOTALS","FIELD CROP TOTALS, PRINCIPAL, INCL POTATOES - ACRES PLANTED","TOTAL","NOT SPECIFIED","76,000",""
"SURVEY","2022","YEAR","","STATE","DELAWARE","10","","","","","","","00000000","","FIELD CROP TOTALS","FIELD CROP TOTALS, PRINCIPAL, INCL POTATOES - ACRES PLANTED","TOTAL","NOT SPECIFIED","432,000",""
"SURVEY","2022","YEAR","","STATE","FLORIDA","12","","","","","","","00000000","","FIELD CROP TOTALS","FIELD CROP TOTALS, PRINCIPAL, INCL POTATOES - ACRES PLANTED","TOTAL","NOT SPECIFIED","1,075,000",""
"SURVEY","2022","YEAR","","STATE","GEORGIA","13","","","","","","","00000000","","FIELD CROP TOTALS","FIELD CROP TOTALS, PRINCIPAL, INCL POTATOES - ACRES PLANTED","TOTAL","NOT SPECIFIED","3,366,000",""
"SURVEY","2022","YEAR","","STATE","IDAHO","16","","","","","","","00000000","","FIELD CROP TOTALS","FIELD CROP TOTALS, PRINCIPAL, INCL POTATOES - ACRES PLANTED","TOTAL","NOT SPECIFIED","4,034,000",""
"SURVEY","2022","YEAR","","STATE","ILLINOIS","17","","","","","","","00000000","","FIELD CROP TOTALS","FIELD CROP TOTALS, PRINCIPAL, INCL POTATOES - ACRES PLANTED","TOTAL","NOT SPECIFIED","22,800,000",""
"SURVEY","2022","YEAR","","STATE","INDIANA","18","","","","","","","00000000","","FIELD CROP TOTALS","FIELD CROP TOTALS, PRINCIPAL, INCL POTATOES - ACRES PLANTED","TOTAL","NOT SPECIFIED","11,910,000",""
"SURVEY","2022","YEAR","","STATE","IOWA","19","","","","","","","00000000","","FIELD CROP TOTALS","FIELD CROP TOTALS, PRINCIPAL, INCL POTATOES - ACRES PLANTED","TOTAL","NOT SPECIFIED","24,300,000",""
"SURVEY","2022","YEAR","","STATE","KANSAS","20","","","","","","","00000000","","FIELD CROP TOTALS","FIELD CROP TOTALS, PRINCIPAL, INCL POTATOES - ACRES PLANTED","TOTAL","NOT SPECIFIED","24,047,000",""
"SURVEY","2022","YEAR","","STATE","KENTUCKY","21","","","","","","","00000000","","FIELD CROP TOTALS","FIELD CROP TOTALS, PRINCIPAL, INCL POTATOES - ACRES PLANTED","TOTAL","NOT SPECIFIED","5,853,000",""
"SURVEY","2022","YEAR","","STATE","LOUISIANA","22","","","","","","","00000000","","FIELD CROP TOTALS","FIELD CROP TOTALS, PRINCIPAL, INCL POTATOES - ACRES PLANTED","TOTAL","NOT SPECIFIED","3,204,000",""
"SURVEY","2022","YEAR","","STATE","MAINE","23","","","","","","","00000000","","FIELD CROP TOTALS","FIELD CROP TOTALS, PRINCIPAL, INCL POTATOES - ACRES PLANTED","TOTAL","NOT SPECIFIED","253,000",""
"SURVEY","2022","YEAR","","STATE","MARYLAND","24","","","","","","","00000000","","FIELD CROP TOTALS","FIELD CROP TOTALS, PRINCIPAL, INCL POTATOES - ACRES PLANTED","TOTAL","NOT SPECIFIED","1,538,000",""
"SURVEY","2022","YEAR","","STATE","MASSACHUSETTS","25","","","","","","","00000000","","FIELD CROP TOTALS","FIELD CROP TOTALS, PRINCIPAL, INCL POTATOES - ACRES PLANTED","TOTAL","NOT SPECIFIED","74,000",""
"SURVEY","2022","YEAR","","STATE","MICHIGAN","26","","","","","","","00000000","","FIELD CROP TOTALS","FIELD CROP TOTALS, PRINCIPAL, INCL POTATOES - ACRES PLANTED","TOTAL","NOT SPECIFIED","6,240,000",""
"SURVEY","2022","YEAR","","STATE","MINNESOTA","27","","","","","","","00000000","","FIELD CROP TOTALS","FIELD CROP TOTALS, PRINCIPAL, INCL POTATOES - ACRES PLANTED","TOTAL","NOT SPECIFIED","19,067,000",""
"SURVEY","2022","YEAR","","STATE","MISSISSIPPI","28","","","","","","","00000000","","FIELD CROP TOTALS","FIELD CROP TOTALS, PRINCIPAL, INCL POTATOES - ACRES PLANTED","TOTAL","NOT SPECIFIED","4,202,000",""
"SURVEY","2022","YEAR","","STATE","MISSOURI","29","","","","","","","00000000","","FIELD CROP TOTALS","FIELD CROP TOTALS, PRINCIPAL, INCL POTATOES - ACRES PLANTED","TOTAL","NOT SPECIFIED","13,852,000",""
"SURVEY","2022","YEAR","","STATE","MONTANA","30","","","","","","","00000000","","FIELD CROP TOTALS","FIELD CROP TOTALS, PRINCIPAL, INCL POTATOES - ACRES PLANTED","TOTAL","NOT SPECIFIED","9,394,000",""
"SURVEY","2022","YEAR","","STATE","NEBRASKA","31","","","","","","","00000000","","FIELD CROP TOTALS","FIELD CROP TOTALS, PRINCIPAL, INCL POTATOES - ACRES PLANTED","TOTAL","NOT SPECIFIED","19,268,000",""
"SURVEY","2022","YEAR","","STATE","NEVADA","32","","","","","","","00000000","","FIELD CROP TOTALS","FIELD CROP TOTALS, PRINCIPAL, INCL POTATOES - ACRES PLANTED","TOTAL","NOT SPECIFIED","412,000",""
"SURVEY","2022","YEAR","","STATE","NEW HAMPSHIRE","33","","","","","","","00000000","","FIELD CROP TOTALS","FIELD CROP TOTALS, PRINCIPAL, INCL POTATOES - ACRES PLANTED","TOTAL","NOT SPECIFIED","55,000",""
"SURVEY","2022","YEAR","","STATE","NEW JERSEY","34","","","","","","","00000000","","FIELD CROP TOTALS","FIELD CROP TOTALS, PRINCIPAL, INCL POTATOES - ACRES PLANTED","TOTAL","NOT SPECIFIED","313,000",""
"SURVEY","2022","YEAR","","STATE","NEW MEXICO","35","","","","","","","00000000","","FIELD CROP TOTALS","FIELD CROP TOTALS, PRINCIPAL, INCL POTATOES - ACRES PLANTED","TOTAL","NOT SPECIFIED","787,000",""
"SURVEY","2022","YEAR","","STATE","NEW YORK","36","","","","","","","00000000","","FIELD CROP TOTALS","FIELD CROP TOTALS, PRINCIPAL, INCL POTATOES - ACRES PLANTED","TOTAL","NOT SPECIFIED","2,755,000",""
"SURVEY","2022","YEAR","","STATE","NORTH CAROLINA","37","","","","","","","00000000","","FIELD CROP TOTALS","FIELD CROP TOTALS, PRINCIPAL, INCL POTATOES - ACRES PLANTED","TOTAL","NOT SPECIFIED","4,404,000",""
"SURVEY","2022","YEAR","","STATE","NORTH DAKOTA","38","","","","","","","00000000","","FIELD CROP TOTALS","FIELD CROP TOTALS, PRINCIPAL, INCL POTATOES - ACRES PLANTED","TOTAL","NOT SPECIFIED","21,596,000",""
"SURVEY","2022","YEAR","","STATE","OHIO","39","","","","","","","00000000","","FIELD CROP TOTALS","FIELD CROP TOTALS, PRINCIPAL, INCL POTATOES - ACRES PLANTED","TOTAL","NOT SPECIFIED","9,870,000",""
"SURVEY","2022","YEAR","","STATE","OKLAHOMA","40","","","","","","","00000000","","FIELD CROP TOTALS","FIELD CROP TOTALS, PRINCIPAL, INCL POTATOES - ACRES PLANTED","TOTAL","NOT SPECIFIED","9,616,000",""
"SURVEY","2022","YEAR","","STATE","OREGON","41","","","","","","","00000000","","FIELD CROP TOTALS","FIELD CROP TOTALS, PRINCIPAL, INCL POTATOES - ACRES PLANTED","TOTAL","NOT SPECIFIED","1,739,000",""
"SURVEY","2022","YEAR","","STATE","OTHER STATES","","","","","","","","00000000","","FIELD CROP TOTALS","FIELD CROP TOTALS, PRINCIPAL, INCL POTATOES - ACRES PLANTED","TOTAL","NOT SPECIFIED","1,310,000",""
"SURVEY","2022","YEAR","","STATE","PENNSYLVANIA","42","","","","","","","00000000","","FIELD CROP TOTALS","FIELD CROP TOTALS, PRINCIPAL, INCL POTATOES - ACRES PLANTED","TOTAL","NOT SPECIFIED","3,523,000",""
"SURVEY","2022","YEAR","","STATE","RHODE ISLAND","44","","","","","","","00000000","","FIELD CROP TOTALS","FIELD CROP TOTALS, PRINCIPAL, INCL POTATOES - ACRES PLANTED","TOTAL","NOT SPECIFIED","9,000",""
"SURVEY","2022","YEAR","","STATE","SOUTH CAROLINA","45","","","","","","","00000000","","FIELD CROP TOTALS","FIELD CROP TOTALS, PRINCIPAL, INCL POTATOES - ACRES PLANTED","TOTAL","NOT SPECIFIED","1,462,000",""
"SURVEY","2022","YEAR","","STATE","SOUTH DAKOTA","46","","","","","","","00000000","","FIELD CROP TOTALS","FIELD CROP TOTALS, PRINCIPAL, INCL POTATOES - ACRES PLANTED","TOTAL","NOT SPECIFIED","16,617,000",""
"SURVEY","2022","YEAR","","STATE","TENNESSEE","47","","","","","","","00000000","","FIELD CROP TOTALS","FIELD CROP TOTALS, PRINCIPAL, INCL POTATOES - ACRES PLANTED","TOTAL","NOT SPECIFIED","4,910,000",""
"SURVEY","2022","YEAR","","STATE","TEXAS","48","","","","","","","00000000","","FIELD CROP TOTALS","FIELD CROP TOTALS, PRINCIPAL, INCL POTATOES - ACRES PLANTED","TOTAL","NOT SPECIFIED","21,728,000",""
"SURVEY","2022","YEAR","","STATE","UTAH","49","","","","","","","00000000","","FIELD CROP TOTALS","FIELD CROP TOTALS, PRINCIPAL, INCL POTATOES - ACRES PLANTED","TOTAL","NOT SPECIFIED","860,000",""
"SURVEY","2022","YEAR","","STATE","VERMONT","50","","","","","","","00000000","","FIELD CROP TOTALS","FIELD CROP TOTALS, PRINCIPAL, INCL POTATOES - ACRES PLANTED","TOTAL","NOT SPECIFIED","255,000",""
"SURVEY","2022","YEAR","","STATE","VIRGINIA","51","","","","","","","00000000","","FIELD CROP TOTALS","FIELD CROP TOTALS, PRINCIPAL, INCL POTATOES - ACRES PLANTED","TOTAL","NOT SPECIFIED","2,441,000",""
"SURVEY","2022","YEAR","","STATE","WASHINGTON","53","","","","","","","00000000","","FIELD CROP TOTALS","FIELD CROP TOTALS, PRINCIPAL, INCL POTATOES - ACRES PLANTED","TOTAL","NOT SPECIFIED","3,609,000",""
"SURVEY","2022","YEAR","","STATE","WEST VIRGINIA","54","","","","","","","00000000","","FIELD CROP TOTALS","FIELD CROP TOTALS, PRINCIPAL, INCL POTATOES - ACRES PLANTED","TOTAL","NOT SPECIFIED","605,000",""
"SURVEY","2022","YEAR","","STATE","WISCONSIN","55","","","","","","","00000000","","FIELD CROP TOTALS","FIELD CROP TOTALS, PRINCIPAL, INCL POTATOES - ACRES PLANTED","TOTAL","NOT SPECIFIED","7,909,000",""
"SURVEY","2022","YEAR","","STATE","WYOMING","56","","","","","","","00000000","","FIELD CROP TOTALS","FIELD CROP TOTALS, PRINCIPAL, INCL POTATOES - ACRES PLANTED","TOTAL","NOT SPECIFIED","1,442,000",""
"SURVEY","2017","YEAR","","STATE","ALABAMA","01","","","","","","","00000000","","FIELD CROP TOTALS","FIELD CROP TOTALS, PRINCIPAL, INCL POTATOES - ACRES PLANTED","TOTAL","NOT SPECIFIED","2,280,000",""
"SURVEY","2017","YEAR","","STATE","ARIZONA","04","","","","","","","00000000","","FIELD CROP TOTALS","FIELD CROP TOTALS, PRINCIPAL, INCL POTATOES - ACRES PLANTED","TOTAL","NOT SPECIFIED","700,000",""
"SURVEY","2017","YEAR","","STATE","ARKANSAS","05","","","","","","","00000000","","FIELD CROP TOTALS","FIELD CROP TOTALS, PRINCIPAL, INCL POTATOES - ACRES PLANTED","TOTAL","NOT SPECIFIED","7,299,000",""
"SURVEY","2017","YEAR","","STATE","CALIFORNIA","06","","","","","","","00000000","","FIELD CROP TOTALS","FIELD CROP TOTALS, PRINCIPAL, INCL POTATOES - ACRES PLANTED","TOTAL","NOT SPECIFIED","3,096,000",""
"SURVEY","2017","YEAR","","STATE","COLORADO","08","","","","","","","00000000","","FIELD CROP TOTALS","FIELD CROP TOTALS, PRINCIPAL, INCL POTATOES - ACRES PLANTED","TOTAL","NOT SPECIFIED","6,245,000",""
"SURVEY","2017","YEAR","","STATE","CONNECTICUT","09","","","","","","","00000000","","FIELD CROP TOTALS","FIELD CROP TOTALS, PRINCIPAL, INCL POTATOES - ACRES PLANTED","TOTAL","NOT SPECIFIED","72,000",""
"SURVEY","2017","YEAR","","STATE","DELAWARE","10","","","","","","","00000000","","FIELD CROP TOTALS","FIELD CROP TOTALS, PRINCIPAL, INCL POTATOES - ACRES PLANTED","TOTAL","NOT SPECIFIED","462,000",""
"SURVEY","2017","YEAR","","STATE","FLORIDA","12","","","","","","","00000000","","FIELD CROP TOTALS","FIELD CROP TOTALS, PRINCIPAL, INCL POTATOES - ACRES PLANTED","TOTAL","NOT SPECIFIED","1,146,000",""
"SURVEY","2017","YEAR","","STATE","GEORGIA","13","","","","","","","00000000","","FIELD CROP TOTALS","FIELD CROP TOTALS, PRINCIPAL, INCL POTATOES - ACRES PLANTED","TOTAL","NOT SPECIFIED","3,634,000",""
"SURVEY","2017","YEAR","","STATE","HAWAII","15","","","","","","","00000000","","FIELD CROP TOTALS","FIELD CROP TOTALS, PRINCIPAL, INCL POTATOES - ACRES PLANTED","TOTAL","NOT SPECIFIED","0",""
"SURVEY","2017","YEAR","","STATE","IDAHO","16","","","","","","","00000000","","FIELD CROP TOTALS","FIELD CROP TOTALS, PRINCIPAL, INCL POTATOES - ACRES PLANTED","TOTAL","NOT SPECIFIED","4,205,000",""
"SURVEY","2017","YEAR","","STATE","ILLINOIS","17","","","","","","","00000000","","FIELD CROP TOTALS","FIELD CROP TOTALS, PRINCIPAL, INCL POTATOES - ACRES PLANTED","TOTAL","NOT SPECIFIED","22,851,000",""
"SURVEY","2017","YEAR","","STATE","INDIANA","18","","","","","","","00000000","","FIELD CROP TOTALS","FIELD CROP TOTALS, PRINCIPAL, INCL POTATOES - ACRES PLANTED","TOTAL","NOT SPECIFIED","12,130,000",""
"SURVEY","2017","YEAR","","STATE","IOWA","19","","","","","","","00000000","","FIELD CROP TOTALS","FIELD CROP TOTALS, PRINCIPAL, INCL POTATOES - ACRES PLANTED","TOTAL","NOT SPECIFIED","24,491,000",""
"SURVEY","2017","YEAR","","STATE","KANSAS","20","","","","","","","00000000","","FIELD CROP TOTALS","FIELD CROP TOTALS, PRINCIPAL, INCL POTATOES - ACRES PLANTED","TOTAL","NOT SPECIFIED","23,633,000",""
"SURVEY","2017","YEAR","","STATE","KENTUCKY","21","","","","","","","00000000","","FIELD CROP TOTALS","FIELD CROP TOTALS, PRINCIPAL, INCL POTATOES - ACRES PLANTED","TOTAL","NOT SPECIFIED","5,956,000",""
"SURVEY","2017","YEAR","","STATE","LOUISIANA","22","","","","","","","00000000","","FIELD CROP TOTALS","FIELD CROP TOTALS, PRINCIPAL, INCL POTATOES - ACRES PLANTED","TOTAL","NOT SPECIFIED","3,275,000",""
"SURVEY","2017","YEAR","","STATE","MAINE","23","","","","","","","00000000","","FIELD CROP TOTALS","FIELD CROP TOTALS, PRINCIPAL, INCL POTATOES - ACRES PLANTED","TOTAL","NOT SPECIFIED","226,000",""
"SURVEY","2017","YEAR","","STATE","MARYLAND","24","","","","","","","00000000","","FIELD CROP TOTALS","FIELD CROP TOTALS, PRINCIPAL, INCL POTATOES - ACRES PLANTED","TOTAL","NOT SPECIFIED","1,633,000",""
"SURVEY","2017","YEAR","","STATE","MASSACHUSETTS","25","","","","","","","00000000","","FIELD CROP TOTALS","FIELD CROP TOTALS, PRINCIPAL, INCL POTATOES - ACRES PLANTED","TOTAL","NOT SPECIFIED","93,000",""
"SURVEY","2017","YEAR","","STATE","MICHIGAN","26","","","","","","","00000000","","FIELD CROP TOTALS","FIELD CROP TOTALS, PRINCIPAL, INCL POTATOES - ACRES PLANTED","TOTAL","NOT SPECIFIED","6,349,000",""
"SURVEY","2017","YEAR","","STATE","MINNESOTA","27","","","","","","","00000000","","FIELD CROP TOTALS","FIELD CROP TOTALS, PRINCIPAL, INCL POTATOES - ACRES PLANTED","TOTAL","NOT SPECIFIED","19,691,000",""
"SURVEY","2017","YEAR","","STATE","MISSISSIPPI","28","","","","","","","00000000","","FIELD CROP TOTALS","FIELD CROP TOTALS, PRINCIPAL, INCL POTATOES - ACRES PLANTED","TOTAL","NOT SPECIFIED","4,159,000",""
"SURVEY","2017","YEAR","","STATE","MISSOURI","29","","","","","","","00000000","","FIELD CROP TOTALS","FIELD CROP TOTALS, PRINCIPAL, INCL POTATOES - ACRES PLANTED","TOTAL","NOT SPECIFIED","13,533,000",""
"SURVEY","2017","YEAR","","STATE","MONTANA","30","","","","","","","00000000","","FIELD CROP TOTALS","FIELD CROP TOTALS, PRINCIPAL, INCL POTATOES - ACRES PLANTED","TOTAL","NOT SPECIFIED","9,079,000",""
"SURVEY","2017","YEAR","","STATE","NEBRASKA","31","","","","","","","00000000","","FIELD CROP TOTALS","FIELD CROP TOTALS, PRINCIPAL, INCL POTATOES - ACRES PLANTED","TOTAL","NOT SPECIFIED","19,566,000",""
"SURVEY","2017","YEAR","","STATE","NEVADA","32","","","","","","","00000000","","FIELD CROP TOTALS","FIELD CROP TOTALS, PRINCIPAL, INCL POTATOES - ACRES PLANTED","TOTAL","NOT SPECIFIED","426,000",""
"SURVEY","2017","YEAR","","STATE","NEW HAMPSHIRE","33","","","","","","","00000000","","FIELD CROP TOTALS","FIELD CROP TOTALS, PRINCIPAL, INCL POTATOES - ACRES PLANTED","TOTAL","NOT SPECIFIED","59,000",""
"SURVEY","2017","YEAR","","STATE","NEW JERSEY","34","","","","","","","00000000","","FIELD CROP TOTALS","FIELD CROP TOTALS, PRINCIPAL, INCL POTATOES - ACRES PLANTED","TOTAL","NOT SPECIFIED","310,000",""
"SURVEY","2017","YEAR","","STATE","NEW MEXICO","35","","","","","","","00000000","","FIELD CROP TOTALS","FIELD CROP TOTALS, PRINCIPAL, INCL POTATOES - ACRES PLANTED","TOTAL","NOT SPECIFIED","906,000",""
"SURVEY","2017","YEAR","","STATE","NEW YORK","36","","","","","","","00000000","","FIELD CROP TOTALS","FIELD CROP TOTALS, PRINCIPAL, INCL POTATOES - ACRES PLANTED","TOTAL","NOT SPECIFIED","2,800,000",""
"SURVEY","2017","YEAR","","STATE","NORTH CAROLINA","37","","","","","","","00000000","","FIELD CROP TOTALS","FIELD CROP TOTALS, PRINCIPAL, INCL POTATOES - ACRES PLANTED","TOTAL","NOT SPECIFIED","4,428,000",""
"SURVEY","2017","YEAR","","STATE","NORTH DAKOTA","38","","","","","","","00000000","","FIELD CROP TOTALS","FIELD CROP TOTALS, PRINCIPAL, INCL POTATOES - ACRES PLANTED","TOTAL","NOT SPECIFIED","23,617,000",""
"SURVEY","2017","YEAR","","STATE","OHIO","39","","","","","","","00000000","","FIELD CROP TOTALS","FIELD CROP TOTALS, PRINCIPAL, INCL POTATOES - ACRES PLANTED","TOTAL","NOT SPECIFIED","10,010,000",""
"SURVEY","2017","YEAR","","STATE","OKLAHOMA","40","","","","","","","00000000","","FIELD CROP TOTALS","FIELD CROP TOTALS, PRINCIPAL, INCL POTATOES - ACRES PLANTED","TOTAL","NOT SPECIFIED","9,827,000",""
"SURVEY","2017","YEAR","","STATE","OREGON","41","","","","","","","00000000","","FIELD CROP TOTALS","FIELD CROP TOTALS, PRINCIPAL, INCL POTATOES - ACRES PLANTED","TOTAL","NOT SPECIFIED","2,080,000",""
"SURVEY","2017","YEAR","","STATE","OTHER STATES","","","","","","","","00000000","","FIELD CROP TOTALS","FIELD CROP TOTALS, PRINCIPAL, INCL POTATOES - ACRES PLANTED","TOTAL","NOT SPECIFIED","1,491,000",""
"SURVEY","2017","YEAR","","STATE","PENNSYLVANIA","42","","","","","","","00000000","","FIELD CROP TOTALS","FIELD CROP TOTALS, PRINCIPAL, INCL POTATOES - ACRES PLANTED","TOTAL","NOT SPECIFIED","3,728,000",""
"SURVEY","2017","YEAR","","STATE","RHODE ISLAND","44","","","","","","","00000000","","FIELD CROP TOTALS","FIELD CROP TOTALS, PRINCIPAL, INCL POTATOES - ACRES PLANTED","TOTAL","NOT SPECIFIED","8,000",""
"SURVEY","2017","YEAR","","STATE","SOUTH CAROLINA","45","","","","","","","00000000","","FIELD CROP TOTALS","FIELD CROP TOTALS, PRINCIPAL, INCL POTATOES - ACRES PLANTED","TOTAL","NOT SPECIFIED","1,544,000",""
"SURVEY","2017","YEAR","","STATE","SOUTH DAKOTA","46","","","","","","","00000000","","FIELD CROP TOTALS","FIELD CROP TOTALS, PRINCIPAL, INCL POTATOES - ACRES PLANTED","TOTAL","NOT SPECIFIED","17,422,000",""
"SURVEY","2017","YEAR","","STATE","TENNESSEE","47","","","","","","","00000000","","FIELD CROP TOTALS","FIELD CROP TOTALS, PRINCIPAL, INCL POTATOES - ACRES PLANTED","TOTAL","NOT SPECIFIED","4,841,000",""
"SURVEY","2017","YEAR","","STATE","TEXAS","48","","","","","","","00000000","","FIELD CROP TOTALS","FIELD CROP TOTALS, PRINCIPAL, INCL POTATOES - ACRES PLANTED","TOTAL","NOT SPECIFIED","21,580,000",""
"SURVEY","2017","YEAR","","STATE","UTAH","49","","","","","","","00000000","","FIELD CROP TOTALS","FIELD CROP TOTALS, PRINCIPAL, INCL POTATOES - ACRES PLANTED","TOTAL","NOT SPECIFIED","944,000",""
"SURVEY","2017","YEAR","","STATE","VERMONT","50","","","","","","","00000000","","FIELD CROP TOTALS","FIELD CROP TOTALS, PRINCIPAL, INCL POTATOES - ACRES PLANTED","TOTAL","NOT SPECIFIED","267,000",""
"SURVEY","2017","YEAR","","STATE","VIRGINIA","51","","","","","","","00000000","","FIELD CROP TOTALS","FIELD CROP TOTALS, PRINCIPAL, INCL POTATOES - ACRES PLANTED","TOTAL","NOT SPECIFIED","2,674,000",""
"SURVEY","2017","YEAR","","STATE","WASHINGTON","53","","","","","","","00000000","","FIELD CROP TOTALS","FIELD CROP TOTALS, PRINCIPAL, INCL POTATOES - ACRES PLANTED","TOTAL","NOT SPECIFIED","3,634,000",""
"SURVEY","2017","YEAR","","STATE","WEST VIRGINIA","54","","","","","","","00000000","","FIELD CROP TOTALS","FIELD CROP TOTALS, PRINCIPAL, INCL POTATOES - ACRES PLANTED","TOTAL","NOT SPECIFIED","652,000",""
"SURVEY","2017","YEAR","","STATE","WISCONSIN","55","","","","","","","00000000","","FIELD CROP TOTALS","FIELD CROP TOTALS, PRINCIPAL, INCL POTATOES - ACRES PLANTED","TOTAL","NOT SPECIFIED","7,781,000",""
"SURVEY","2017","YEAR","","STATE","WYOMING","56","","","","","","","00000000","","FIELD CROP TOTALS","FIELD CROP TOTALS, PRINCIPAL, INCL POTATOES - ACRES PLANTED","TOTAL","NOT SPECIFIED","1,510,000",""
"SURVEY","2012","YEAR","","STATE","ALABAMA","01","","","","","","","00000000","","FIELD CROP TOTALS","FIELD CROP TOTALS, PRINCIPAL, INCL POTATOES - ACRES PLANTED","TOTAL","NOT SPECIFIED","2,390,000",""
"SURVEY","2012","YEAR","","STATE","ARIZONA","04","","","","","","","00000000","","FIELD CROP TOTALS","FIELD CROP TOTALS, PRINCIPAL, INCL POTATOES - ACRES PLANTED","TOTAL","NOT SPECIFIED","779,000",""
"SURVEY","2012","YEAR","","STATE","ARKANSAS","05","","","","","","","00000000","","FIELD CROP TOTALS","FIELD CROP TOTALS, PRINCIPAL, INCL POTATOES - ACRES PLANTED","TOTAL","NOT SPECIFIED","7,948,000",""
"SURVEY","2012","YEAR","","STATE","CALIFORNIA","06","","","","","","","00000000","","FIELD CROP TOTALS","FIELD CROP TOTALS, PRINCIPAL, INCL POTATOES - ACRES PLANTED","TOTAL","NOT SPECIFIED","4,256,000",""
"SURVEY","2012","YEAR","","STATE","COLORADO","08","","","","","","","00000000","","FIELD CROP TOTALS","FIELD CROP TOTALS, PRINCIPAL, INCL POTATOES - ACRES PLANTED","TOTAL","NOT SPECIFIED","5,969,000",""
"SURVEY","2012","YEAR","","STATE","CONNECTICUT","09","","","","","","","00000000","","FIELD CROP TOTALS","FIELD CROP TOTALS, PRINCIPAL, INCL POTATOES - ACRES PLANTED","TOTAL","NOT SPECIFIED","83,000",""
"SURVEY","2012","YEAR","","STATE","DELAWARE","10","","","","","","","00000000","","FIELD CROP TOTALS","FIELD CROP TOTALS, PRINCIPAL, INCL POTATOES - ACRES PLANTED","TOTAL","NOT SPECIFIED","490,000",""
"SURVEY","2012","YEAR","","STATE","FLORIDA","12","","","","","","","00000000","","FIELD CROP TOTALS","FIELD CROP TOTALS, PRINCIPAL, INCL POTATOES - ACRES PLANTED","TOTAL","NOT SPECIFIED","1,204,000",""
"SURVEY","2012","YEAR","","STATE","GEORGIA","13","","","","","","","00000000","","FIELD CROP TOTALS","FIELD CROP TOTALS, PRINCIPAL, INCL POTATOES - ACRES PLANTED","TOTAL","NOT SPECIFIED","3,815,000",""
"SURVEY","2012","YEAR","","STATE","HAWAII","15","","","","","","","00000000","","FIELD CROP TOTALS","FIELD CROP TOTALS, PRINCIPAL, INCL POTATOES - ACRES PLANTED","TOTAL","NOT SPECIFIED","17,000",""
"SURVEY","2012","YEAR","","STATE","IDAHO","16","","","","","","","00000000","","FIELD CROP TOTALS","FIELD CROP TOTALS, PRINCIPAL, INCL POTATOES - ACRES PLANTED","TOTAL","NOT SPECIFIED","4,394,000",""
"SURVEY","2012","YEAR","","STATE","ILLINOIS","17","","","","","","","00000000","","FIELD CROP TOTALS","FIELD CROP TOTALS, PRINCIPAL, INCL POTATOES - ACRES PLANTED","TOTAL","NOT SPECIFIED","23,108,000",""
"SURVEY","2012","YEAR","","STATE","INDIANA","18","","","","","","","00000000","","FIELD CROP TOTALS","FIELD CROP TOTALS, PRINCIPAL, INCL POTATOES - ACRES PLANTED","TOTAL","NOT SPECIFIED","12,305,000",""
"SURVEY","2012","YEAR","","STATE","IOWA","19","","","","","","","00000000","","FIELD CROP TOTALS","FIELD CROP TOTALS, PRINCIPAL, INCL POTATOES - ACRES PLANTED","TOTAL","NOT SPECIFIED","24,818,000",""
"SURVEY","2012","YEAR","","STATE","KANSAS","20","","","","","","","00000000","","FIELD CROP TOTALS","FIELD CROP TOTALS, PRINCIPAL, INCL POTATOES - ACRES PLANTED","TOTAL","NOT SPECIFIED","23,472,000",""
"SURVEY","2012","YEAR","","STATE","KENTUCKY","21","","","","","","","00000000","","FIELD CROP TOTALS","FIELD CROP TOTALS, PRINCIPAL, INCL POTATOES - ACRES PLANTED","TOTAL","NOT SPECIFIED","5,897,000",""
"SURVEY","2012","YEAR","","STATE","LOUISIANA","22","","","","","","","00000000","","FIELD CROP TOTALS","FIELD CROP TOTALS, PRINCIPAL, INCL POTATOES - ACRES PLANTED","TOTAL","NOT SPECIFIED","3,600,000",""
"SURVEY","2012","YEAR","","STATE","MAINE","23","","","","","","","00000000","","FIELD CROP TOTALS","FIELD CROP TOTALS, PRINCIPAL, INCL POTATOES - ACRES PLANTED","TOTAL","NOT SPECIFIED","265,000",""
"SURVEY","2012","YEAR","","STATE","MARYLAND","24","","","","","","","00000000","","FIELD CROP TOTALS","FIELD CROP TOTALS, PRINCIPAL, INCL POTATOES - ACRES PLANTED","TOTAL","NOT SPECIFIED","1,522,000",""
"SURVEY","2012","YEAR","","STATE","MASSACHUSETTS","25","","","","","","","00000000","","FIELD CROP TOTALS","FIELD CROP TOTALS, PRINCIPAL, INCL POTATOES - ACRES PLANTED","TOTAL","NOT SPECIFIED","89,000",""
"SURVEY","2012","YEAR","","STATE","MICHIGAN","26","","","","","","","00000000","","FIELD CROP TOTALS","FIELD CROP TOTALS, PRINCIPAL, INCL POTATOES - ACRES PLANTED","TOTAL","NOT SPECIFIED","6,692,000",""
"SURVEY","2012","YEAR","","STATE","MINNESOTA","27","","","","","","","00000000","","FIELD CROP TOTALS","FIELD CROP TOTALS, PRINCIPAL, INCL POTATOES - ACRES PLANTED","TOTAL","NOT SPECIFIED","20,009,000",""
"SURVEY","2012","YEAR","","STATE","MISSISSIPPI","28","","","","","","","00000000","","FIELD CROP TOTALS","FIELD CROP TOTALS, PRINCIPAL, INCL POTATOES - ACRES PLANTED","TOTAL","NOT SPECIFIED","4,590,000",""
"SURVEY","2012","YEAR","","STATE","MISSOURI","29","","","","","","","00000000","","FIELD CROP TOTALS","FIELD CROP TOTALS, PRINCIPAL, INCL POTATOES - ACRES PLANTED","TOTAL","NOT SPECIFIED","14,044,000",""
"SURVEY","2012","YEAR","","STATE","MONTANA","30","","","","","","","00000000","","FIELD CROP TOTALS","FIELD CROP TOTALS, PRINCIPAL, INCL POTATOES - ACRES PLANTED","TOTAL","NOT SPECIFIED","9,192,000",""
"SURVEY","2012","YEAR","","STATE","NEBRASKA","31","","","","","","","00000000","","FIELD CROP TOTALS","FIELD CROP TOTALS, PRINCIPAL, INCL POTATOES - ACRES PLANTED","TOTAL","NOT SPECIFIED","19,517,000",""
"SURVEY","2012","YEAR","","STATE","NEVADA","32","","","","","","","00000000","","FIELD CROP TOTALS","FIELD CROP TOTALS, PRINCIPAL, INCL POTATOES - ACRES PLANTED","TOTAL","NOT SPECIFIED","456,000",""
"SURVEY","2012","YEAR","","STATE","NEW HAMPSHIRE","33","","","","","","","00000000","","FIELD CROP TOTALS","FIELD CROP TOTALS, PRINCIPAL, INCL POTATOES - ACRES PLANTED","TOTAL","NOT SPECIFIED","66,000",""
"SURVEY","2012","YEAR","","STATE","NEW JERSEY","34","","","","","","","00000000","","FIELD CROP TOTALS","FIELD CROP TOTALS, PRINCIPAL, INCL POTATOES - ACRES PLANTED","TOTAL","NOT SPECIFIED","323,000",""
"SURVEY","2012","YEAR","","STATE","NEW MEXICO","35","","","","","","","00000000","","FIELD CROP TOTALS","FIELD CROP TOTALS, PRINCIPAL, INCL POTATOES - ACRES PLANTED","TOTAL","NOT SPECIFIED","1,014,000",""
"SURVEY","2012","YEAR","","STATE","NEW YORK","36","","","","","","","00000000","","FIELD CROP TOTALS","FIELD CROP TOTALS, PRINCIPAL, INCL POTATOES - ACRES PLANTED","TOTAL","NOT SPECIFIED","3,034,000",""
"SURVEY","2012","YEAR","","STATE","NORTH CAROLINA","37","","","","","","","00000000","","FIELD CROP TOTALS","FIELD CROP TOTALS, PRINCIPAL, INCL POTATOES - ACRES PLANTED","TOTAL","NOT SPECIFIED","4,863,000",""
"SURVEY","2012","YEAR","","STATE","NORTH DAKOTA","38","","","","","","","00000000","","FIELD CROP TOTALS","FIELD CROP TOTALS, PRINCIPAL, INCL POTATOES - ACRES PLANTED","TOTAL","NOT SPECIFIED","23,010,000",""
"SURVEY","2012","YEAR","","STATE","OHIO","39","","","","","","","00000000","","FIELD CROP TOTALS","FIELD CROP TOTALS, PRINCIPAL, INCL POTATOES - ACRES PLANTED","TOTAL","NOT SPECIFIED","10,104,000",""
"SURVEY","2012","YEAR","","STATE","OKLAHOMA","40","","","","","","","00000000","","FIELD CROP TOTALS","FIELD CROP TOTALS, PRINCIPAL, INCL POTATOES - ACRES PLANTED","TOTAL","NOT SPECIFIED","10,029,000",""
"SURVEY","2012","YEAR","","STATE","OREGON","41","","","","","","","00000000","","FIELD CROP TOTALS","FIELD CROP TOTALS, PRINCIPAL, INCL POTATOES - ACRES PLANTED","TOTAL","NOT SPECIFIED","2,132,000",""
"SURVEY","2012","YEAR","","STATE","PENNSYLVANIA","42","","","","","","","00000000","","FIELD CROP TOTALS","FIELD CROP TOTALS, PRINCIPAL, INCL POTATOES - ACRES PLANTED","TOTAL","NOT SPECIFIED","3,749,000",""
"SURVEY","2012","YEAR","","STATE","RHODE ISLAND","44","","","","","","","00000000","","FIELD CROP TOTALS","FIELD CROP TOTALS, PRINCIPAL, INCL POTATOES - ACRES PLANTED","TOTAL","NOT SPECIFIED","11,000",""
"SURVEY","2012","YEAR","","STATE","SOUTH CAROLINA","45","","","","","","","00000000","","FIELD CROP TOTALS","FIELD CROP TOTALS, PRINCIPAL, INCL POTATOES - ACRES PLANTED","TOTAL","NOT SPECIFIED","1,694,000",""
"SURVEY","2012","YEAR","","STATE","SOUTH DAKOTA","46","","","","","","","00000000","","FIELD CROP TOTALS","FIELD CROP TOTALS, PRINCIPAL, INCL POTATOES - ACRES PLANTED","TOTAL","NOT SPECIFIED","17,242,000",""
"SURVEY","2012","YEAR","","STATE","TENNESSEE","47","","","","","","","00000000","","FIELD CROP TOTALS","FIELD CROP TOTALS, PRINCIPAL, INCL POTATOES - ACRES PLANTED","TOTAL","NOT SPECIFIED","4,873,000",""
"SURVEY","2012","YEAR","","STATE","TEXAS","48","","","","","","","00000000","","FIELD CROP TOTALS","FIELD CROP TOTALS, PRINCIPAL, INCL POTATOES - ACRES PLANTED","TOTAL","NOT SPECIFIED","22,500,000",""
"SURVEY","2012","YEAR","","STATE","UTAH","49","","","","","","","00000000","","FIELD CROP TOTALS","FIELD CROP TOTALS, PRINCIPAL, INCL POTATOES - ACRES PLANTED","TOTAL","NOT SPECIFIED","966,000",""
"SURVEY","2012","YEAR","","STATE","VERMONT","50","","","","","","","00000000","","FIELD CROP TOTALS","FIELD CROP TOTALS, PRINCIPAL, INCL POTATOES - ACRES PLANTED","TOTAL","NOT SPECIFIED","271,000",""
"SURVEY","2012","YEAR","","STATE","VIRGINIA","51","","","","","","","00000000","","FIELD CROP TOTALS","FIELD CROP TOTALS, PRINCIPAL, INCL POTATOES - ACRES PLANTED","TOTAL","NOT SPECIFIED","2,879,000",""
"SURVEY","2012","YEAR","","STATE","WASHINGTON","53","","","","","","","00000000","","FIELD CROP TOTALS","FIELD CROP TOTALS, PRINCIPAL, INCL POTATOES - ACRES PLANTED","TOTAL","NOT SPECIFIED","3,600,000",""
"SURVEY","2012","YEAR","","STATE","WEST VIRGINIA","54","","","","","","","00000000","","FIELD CROP TOTALS","FIELD CROP TOTALS, PRINCIPAL, INCL POTATOES - ACRES PLANTED","TOTAL","NOT SPECIFIED","675,000",""
"SURVEY","2012","YEAR","","STATE","WISCONSIN","55","","","","","","","00000000","","FIELD CROP TOTALS","FIELD CROP TOTALS, PRINCIPAL, INCL POTATOES - ACRES PLANTED","TOTAL","NOT SPECIFIED","8,150,000",""
"SURVEY","2012","YEAR","","STATE","WYOMING","56","","","","","","","00000000","","FIELD CROP TOTALS","FIELD CROP TOTALS, PRINCIPAL, INCL POTATOES - ACRES PLANTED","TOTAL","NOT SPECIFIED","1,377,000",""
